{"mean":{"confidence_interval":{"confidence_level":0.95,"lower_bound":3626378.4328571423,"upper_bound":3657153.727579365},"point_estimate":3642629.655079365,"standard_error":7875.888170217363},"median":{"confidence_interval":{"confidence_level":0.95,"lower_bound":3631817.24375,"upper_bound":3657152.925396825},"point_estimate":3645697.225,"standard_error":7465.336588358042},"median_abs_dev":{"confidence_interval":{"confidence_level":0.95,"lower_bound":4316.682485863566,"upper_bound":39458.25590322567},"point_estimate":16889.945692643592,"standard_error":8585.62355577787},"slope":{"confidence_interval":{"confidence_level":0.95,"lower_bound":3642984.62250212,"upper_bound":3666891.1602902375},"point_estimate":3656121.43987013,"standard_error":6012.63851209077},"std_dev":{"confidence_interval":{"confidence_level":0.95,"lower_bound":9923.644228615478,"upper_bound":36891.079516078426},"point_estimate":26188.86172611897,"standard_error":7245.849793195611}}