{"mean":{"confidence_interval":{"confidence_level":0.95,"lower_bound":-0.09584566510508567,"upper_bound":-0.07592183491882824},"point_estimate":-0.08586709956375349,"standard_error":0.005095607368361278},"median":{"confidence_interval":{"confidence_level":0.95,"lower_bound":-0.09933619411761485,"upper_bound":-0.07243851127449841},"point_estimate":-0.08327046498468715,"standard_error":0.007122371971841814}}