{"mean":{"confidence_interval":{"confidence_level":0.95,"lower_bound":-0.01778718205005502,"upper_bound":0.0643129122603451},"point_estimate":0.02445118829798787,"standard_error":0.02100182596803115},"median":{"confidence_interval":{"confidence_level":0.95,"lower_bound":-0.018998992369220202,"upper_bound":0.10183676037691192},"point_estimate":0.012862966569719525,"standard_error":0.031081779632560726}}