{"mean":{"confidence_interval":{"confidence_level":0.95,"lower_bound":-0.06166696936143355,"upper_bound":0.027946841457382278},"point_estimate":-0.017423606795107238,"standard_error":0.022916070454497586},"median":{"confidence_interval":{"confidence_level":0.95,"lower_bound":-0.059988779397377456,"upper_bound":0.017361217107870752},"point_estimate":-0.0168454166495684,"standard_error":0.022223781303998724}}