{"mean":{"confidence_interval":{"confidence_level":0.95,"lower_bound":-0.18128052288097873,"upper_bound":0.10297782756819757},"point_estimate":-0.05014230822487942,"standard_error":0.07251150389223938},"median":{"confidence_interval":{"confidence_level":0.95,"lower_bound":-0.23764066383693638,"upper_bound":0.16489076463709718},"point_estimate":-0.08535842663973081,"standard_error":0.10362409221545182}}