{"mean":{"confidence_interval":{"confidence_level":0.95,"lower_bound":-0.02229154202788495,"upper_bound":-0.006848656131390468},"point_estimate":-0.014526474778880472,"standard_error":0.0039370179374030164},"median":{"confidence_interval":{"confidence_level":0.95,"lower_bound":-0.02200860427526552,"upper_bound":-0.005496369046646965},"point_estimate":-0.012327181589373182,"standard_error":0.004263818954019294}}