{"mean":{"confidence_interval":{"confidence_level":0.95,"lower_bound":-0.03663208293695445,"upper_bound":-0.024022550145399172},"point_estimate":-0.03063922546150677,"standard_error":0.0032203061756938163},"median":{"confidence_interval":{"confidence_level":0.95,"lower_bound":-0.03753460132878017,"upper_bound":-0.025613192084749103},"point_estimate":-0.030978297413709055,"standard_error":0.0029977338754299475}}