{"mean":{"confidence_interval":{"confidence_level":0.95,"lower_bound":-0.055685636925261114,"upper_bound":-0.014642225085183647},"point_estimate":-0.03484469129583334,"standard_error":0.010550399937669853},"median":{"confidence_interval":{"confidence_level":0.95,"lower_bound":-0.0649924475363115,"upper_bound":0.0005128285285305179},"point_estimate":-0.02296582184222906,"standard_error":0.018884694214261737}}