{"mean":{"confidence_interval":{"confidence_level":0.95,"lower_bound":-0.005635956179178498,"upper_bound":0.009943636798215688},"point_estimate":0.002099349565883424,"standard_error":0.0039932728596628435},"median":{"confidence_interval":{"confidence_level":0.95,"lower_bound":-0.009052111764714321,"upper_bound":0.011282699412400676},"point_estimate":0.0016957401010890827,"standard_error":0.005360957325742639}}