{"mean":{"confidence_interval":{"confidence_level":0.95,"lower_bound":-0.01628410085061849,"upper_bound":-0.0035340948708241725},"point_estimate":-0.01030917116556851,"standard_error":0.0032364486451770904},"median":{"confidence_interval":{"confidence_level":0.95,"lower_bound":-0.019629930394698403,"upper_bound":-0.005285027521543362},"point_estimate":-0.010991163133404758,"standard_error":0.0038643410185900673}}