{"mean":{"confidence_interval":{"confidence_level":0.95,"lower_bound":-0.01985908632739618,"upper_bound":-0.0016129847559710154},"point_estimate":-0.01061660027029443,"standard_error":0.004669051235545256},"median":{"confidence_interval":{"confidence_level":0.95,"lower_bound":-0.02309781228291663,"upper_bound":0.0021863775847461575},"point_estimate":-0.008052135611256506,"standard_error":0.005808683363602003}}