{"mean":{"confidence_interval":{"confidence_level":0.95,"lower_bound":0.000022895769759501207,"upper_bound":0.003105970471165622},"point_estimate":0.0013571838509296441,"standard_error":0.000803360838869713},"median":{"confidence_interval":{"confidence_level":0.95,"lower_bound":-0.00012842771432930444,"upper_bound":0.0017327770754198557},"point_estimate":0.001078799941476527,"standard_error":0.0005150750726985006}}