{"mean":{"confidence_interval":{"confidence_level":0.95,"lower_bound":-0.006133581598198999,"upper_bound":0.006363212584252044},"point_estimate":0.0008707611708174134,"standard_error":0.0032159188804232776},"median":{"confidence_interval":{"confidence_level":0.95,"lower_bound":-0.0034536317937177152,"upper_bound":0.006758816167148796},"point_estimate":0.0036440056803477283,"standard_error":0.0024326961296374195}}