{"mean":{"confidence_interval":{"confidence_level":0.95,"lower_bound":-0.011697149693720082,"upper_bound":-0.0042367275248135355},"point_estimate":-0.008023946449640884,"standard_error":0.0019150253331657503},"median":{"confidence_interval":{"confidence_level":0.95,"lower_bound":-0.014226576551061632,"upper_bound":-0.0029794298789701523},"point_estimate":-0.010978060942995804,"standard_error":0.0032477024188505028}}