{"mean":{"confidence_interval":{"confidence_level":0.95,"lower_bound":0.0023429509844551336,"upper_bound":0.009604210422436532},"point_estimate":0.005825419039510171,"standard_error":0.001904776832768456},"median":{"confidence_interval":{"confidence_level":0.95,"lower_bound":0.00010448583675271017,"upper_bound":0.008146656758455162},"point_estimate":0.004647105438426946,"standard_error":0.0019660497808938328}}