{"mean":{"confidence_interval":{"confidence_level":0.95,"lower_bound":-0.008807543762252656,"upper_bound":0.010354787914593041},"point_estimate":0.0008789261394319681,"standard_error":0.00493040943304057},"median":{"confidence_interval":{"confidence_level":0.95,"lower_bound":-0.010299891648263726,"upper_bound":0.01439717554851594},"point_estimate":0.00022968819740665225,"standard_error":0.005911125434458642}}