{"mean":{"confidence_interval":{"confidence_level":0.95,"lower_bound":-0.017266686844953708,"upper_bound":-0.005562777769734437},"point_estimate":-0.011423384984644125,"standard_error":0.0030007879490158156},"median":{"confidence_interval":{"confidence_level":0.95,"lower_bound":-0.020196043473193592,"upper_bound":-0.0026622746206652614},"point_estimate":-0.013515908684278544,"standard_error":0.004466486799581593}}