{"mean":{"confidence_interval":{"confidence_level":0.95,"lower_bound":0.005701143768131073,"upper_bound":0.08647774040647581},"point_estimate":0.03950233803272729,"standard_error":0.021194302734606596},"median":{"confidence_interval":{"confidence_level":0.95,"lower_bound":-0.002802653492004703,"upper_bound":0.055051031860133604},"point_estimate":0.010204632961787974,"standard_error":0.015129709680118644}}