{"mean":{"confidence_interval":{"confidence_level":0.95,"lower_bound":0.0362503885465355,"upper_bound":0.06324874622465711},"point_estimate":0.05004495056521652,"standard_error":0.006946574024167643},"median":{"confidence_interval":{"confidence_level":0.95,"lower_bound":0.033369508743356535,"upper_bound":0.07025035422988113},"point_estimate":0.05157332814019311,"standard_error":0.010968822752829458}}