{"mean":{"confidence_interval":{"confidence_level":0.95,"lower_bound":-0.00630996991077136,"upper_bound":0.005787760080991727},"point_estimate":-0.00021822158193285368,"standard_error":0.0030883371947628886},"median":{"confidence_interval":{"confidence_level":0.95,"lower_bound":-0.009476593976535441,"upper_bound":0.006597824365582872},"point_estimate":-0.0016011244645661726,"standard_error":0.003647161668144235}}