{"mean":{"confidence_interval":{"confidence_level":0.95,"lower_bound":-0.010883368440795382,"upper_bound":0.009030657033145767},"point_estimate":-0.0011019580090873005,"standard_error":0.005088103104177257},"median":{"confidence_interval":{"confidence_level":0.95,"lower_bound":-0.011653519871479001,"upper_bound":0.009121825916584203},"point_estimate":-0.006161646827260947,"standard_error":0.005639636804408754}}