{"mean":{"confidence_interval":{"confidence_level":0.95,"lower_bound":-0.012474229805550699,"upper_bound":0.023492000894681515},"point_estimate":0.0034592470866781078,"standard_error":0.009112862116121804},"median":{"confidence_interval":{"confidence_level":0.95,"lower_bound":-0.019513578076739813,"upper_bound":0.016517274135892324},"point_estimate":-0.010428229259969446,"standard_error":0.009073512145529747}}