{"mean":{"confidence_interval":{"confidence_level":0.95,"lower_bound":-0.0038453124731907557,"upper_bound":0.009744602456589818},"point_estimate":0.0026162290990678905,"standard_error":0.0034743781159493558},"median":{"confidence_interval":{"confidence_level":0.95,"lower_bound":-0.006718121215592898,"upper_bound":0.012419304017845967},"point_estimate":-0.0006581522173905174,"standard_error":0.004853069783841601}}